"","subjectline"
"1"," Personal Finance: Resolutions You Can Keep"
"2"," Malcolm in the Middle Sweepstakes Prize Notification"
"3"," Automated 30 day renewal reminder 2002-05-27"
"4"," CAUCE NEWS, Vol 6, No 2, June 2002"
"5"," The ISO17799 Newsletter - Issue 4"
"6"," Virtueller Messetag der jobfair24 am Mittwoch, 03. Juli 2002"
"7"," F2M - Ihre kostenlose Faxnummer - Newsletter"
"8"," Lindows.com: Michael's Minute: Lindows.com Report Card"
"9"," Jobs, Jobs, Jobs: HEUTE, 03.07.02 ist virtueller Messetag der jobfair24!!!"
"10"," CNET NEWS.COM: Cable companies cracking down on Wi-Fi"
"11"," Lindows.com: Michael's Minute: Do the Math...Dispel the Myths"
"12"," CNET NEWS.COM: Cable companies cracking down on Wi-Fi"
"13"," Save an extra $50 on the iPaq 3835 PDA (CNET SHOPPER)"
"14"," This week: Deck, Tex-Edit Plus, Boom"
"15"," Reg Headlines Wednesday July 10"
"16"," [Lockergnome Penguin Shell]  Recursive Metaphor"
"17"," [Lockergnome Windows Daily]  Brilliant Mistakes"
"18"," Your Daily Dilbert 07/10/2002"
"19"," This week: Browse or bust"
"20"," [Lockergnome Tech Specialist]  Handprint Singing"
"21"," Save an extra $50 on the iPaq 3835 PDA (CNET SHOPPER)"
"22"," MS's Palladium: What the hell is it? (Here's what!) [ANCHORDESK]"
"23"," Oracle Technology Network TechBlast - July 2002"
"24"," What to look for in your next smart phone (Tech Update)"
"25"," [Lockergnome Apple Core]  Skip Content"
"26"," Xscale disappoints in Toshiba's e740"
"27"," Looking for the perfect camera for your summer vacation? (CNET SHOPPER)"
"28"," CNET NEWS.COM: The tech side of homeland defense"
"29"," NEWS.COM INVESTOR: Tech stocks drop again on Qwest criminal probe news"
"30"," IBM's thin ThinkPads fit to a T"
"31"," Get the Perfect Mix of ZDNet's Best Stuff!"
"32"," This week: Deck, Tex-Edit Plus, Boom"
"33"," This Week: FileSystem, AppletFile, PHP Master Editor"
"34"," Reg Headlines Thursday July 11"
"35"," [Lockergnome Windows Daily]  Fraud Wipes"
"36"," Shop smarter with ZDNet's price-feature analysis"
"37"," CNET NEWS.CONTEXT: Hollywood & Silicon Valley: A way out?"
"38"," Intel 900MHz / 256MB PC-133 / 10X DVD / 20GB PC: Starting Bid $229"
"39"," Next MS Office? Here's what I'd add--and delete [ANCHORDESK]"
"40"," Your Daily Dilbert 07/11/2002"
"41"," Moore: Speech recognition next hurdle (Tech Update)"
"42"," =?iso-2022-jp?B?GyRCRnxLXDhsJE43b0w+IUolNSVWJTglJyUvJUghSyEhJTkbKEI=?="
"43"," Reg Headlines Wednesday July 10"
"44"," CNET Cool Gear:  Leica's legendary charm"
"45"," Our new Memory Configurator makes RAM shopping easy! (CNET SHOPPER)"
"46"," =?iso-2022-jp?B?UmU6IBskQjswSSkyPTNYJSglcyU4JUslIiVqJXMlME1NJVcbKEI=?="
"47"," RE: 三菱化学エンジニア▲螢鵐依優廛蹈札好瀬Ε鵑砲弔い站續権綺ぢ三菱化学エンジニア▲螢鵐依優廛蹈札好瀬Ε鵑砲弔い蜒諷槇
喉添ぢ三菱化学エンジニア▲螢鵐依優廛蹈札好瀬Ε鵑砲弔い唖綺ぢ三菱化学エンジニア▲螢鵐依優廛蹈札好瀬Ε鵑砲弔い陰添ぢ三菱化学エンジニア▲螢鵐依優廛蹈札好瀬Ε鵑砲弔い旺綺三菱化学エンジニア▲螢鵐依優廛蹈札好瀬Ε鵑砲弔い晦凖三菱化学エンジニア▲螢鵐依優廛蹈札好瀬Ε鵑砲弔い刈添ぢ三菱化学エンジニア▲螢鵐依優廛蹈札好瀬Ε鵑砲弔い帰綺ぢ三菱化学エンジニア▲螢鵐依優廛蹈札好瀬Ε鵑砲弔侠添ぢ三菱化学エンジニア▲螢鵐依優廛蹈札好瀬Ε鵑砲弔窟添ぢ三菱化学エンジニア▲螢鵐依優廛蹈札好瀬Ε鵑砲権ぢ三菱化学エンジニア▲螢鵐依優廛蹈札好瀬Ε鵑砲弔喉繻韆闔纉闕蜴齒闔唖鱚癆縺踈鞳鱠繝囎迯纈瘢纈癈療喩椀佚勞陰療垪蔔闔黼蜥纓瘡踈旺療療徨詫衷韈纉怛矣癈瘤芟繖糅瘋砠跛晦弥站纈芬闕倥鈑嚠繻贔磨鱇闍妹鴈繻刈砺哺地瀕崚嘖碗逮纈繖站鱚艨蜴鳫笄
帰療追派堊追嗤壮暖噤鈑闖筬磔鱚紜
侠弥站纈芬闕倥鈑嚠繻贔吶笊鴦蝟羅韆闥窟鳫痲矚鈔嗤黼蜥繻纉鵺繙緕粹逾艨蜴齡痺諷鴦知都淋賭療單雙秒途
権弥站纈芬闕堤芍羅粡痞糟韆痰續鞳瘠纈韆闔紜
喉繚縺粲蜴纉鱸籬宝踟旺
唖纓闔已蜿怦緕轣跛繝闕纉蕨轣跛僧暖碗津嗚蘗
陰瘠瘡蜒鳫痲敖療喩椀佚勞旺阨鶴蛹堤赳纈扱億屋芦晦葹鈬繖闥倚鱚跂齠闔鈬笏蝟蜚繝寳籬
刈弥站纈芬闕壹竏鞳竕瘡蜩賠阡蒹鴉瘡瘋聽蜴紜
帰弥站纈芬闕怛硴癈怛繼踟闕鞜碎怦蜩纉侠療療徨詫秩銕蜴齔瘢蜚蓖癆蜴縺轣蛹窟弥站纈芬闕怏鈔阯鶴蛹択蛹跚瘤莱齡瘠纉権續蒹闢阨閹阨艨辣瘤苒瘰蓍笂療喩椀佚勞喉砺哺地瀕崚嘖碗壹竏聲跛蜚竢銖纈緕辣銓唖氾電瀕砥錨弸竢顆蜴腆
陰阨鶴蛹堤赳纈扱劾屋芦旺阨鶴蛹宝逅鶯晦弥站纈芬闕怏鈔阯鶴蛹代繙蜈帷銷譬
刈繚縺粲蜴纉闔籬宝踟帰
帰凖喩賓佗稜麗蜴蜊竏癈紵濯竢蹉
侠弥站纈芬闕壹竏鞳竕瘡蜩壤銓瘢阨銓纐繻癆蜿遐
窟弥站纈芬闕怏鈔阯鶴蛹偵辮纈韭蜴襤
権阨鶴蛹堤赳纈扱渥屋芦喉縺囈纐倣碵藻痺鳰筱蓖辣蓍鶤僧暖碗津嗚蘗
唖葹聲竕鈑舵纓貧繝寳籬
陰弥站纈芬闕堤芍羅粡痞樋轤跂齡赱鴉旺療療徨詫鍋跂鱇粤鴦竰闢鼈瘟鴦晦跛鈑闥蒹纈聽笏鼠韃鱇粤療喩椀佚勞刈闖謇鈑闥站瘋肬鰾痰跂癨苒痲耽知都範佩賭
帰砺哺地瀕崚嘖碗壹竏鱸黼碯弟聲跛闔癨濯鼈鞳繝茴
侠阨胙繞瘟跂鴦纐蜈筱續蒹縺鈬繖碯鴈崢鵞
窟繚縺粲蜴纉黻癨蔚権弥站纈芬闕怏鈔阯鶴蛹堤芬蜚嚠瘠繖阯遐
喉蓍繼択阯黼碯齡旭↑怦竏瘤芍鈑跚鼈蜴黹蒹糒跂僧暖碗津嗚蘗
葦↑倥鴦闔瘡癈纈蜒謫闥粤銓鵺枠纈鵺鈔闥紂敖療喩椀佚勞芦↑択蜆芍鈑蒹瘰續緕蛯纈鈔蜒鳫齒胄壹竏鞣癆紿鯵↑枳閭諷鱧鈿辣繝嚼繝蛛跚齡鱚髟緕楠鴉癆梓↑枳閭諷鱧鈿辣緕苺蜴蒹跛闖斐癇圧↑知都砺哺地雄蜒鳫齒胄纐縺踈繖蛛粤蛹鵞
斡↑噤纔さ閹闕鞜颶竟鱠倚罰験機知都範佩賭
扱↑療徨詫琳途塹匣繝蓴跿逅蜚侮譬
宛↑吶斐痲跚鈬怛粮纉籬宝踟窟
姐↑壽蜩繞觝癇蜴荘鱸剳蜒誑蜊絳闖酊閭襤
碓↑枳閭諷鱧鈿辣繝嚼繝蛛跚齡瘤粽鱸銓蜴芍鈑臼↑枳閭諷鱧鈿辣蜴粹瘟踟繖蜈酪竏瓣
渦↑枳閭諷鱧鈿辣韶跂闥縹侮蜚蝟秩鼈嘘↑搶瘟踟蛹矼鶯君鰻旭旺
唄↑壽蜩繞觝葹頌閼鴣跂鵞
欝↑宙繝阨鈬談錨吐橋誼鳫囂銷療喩椀佚勞蔚↑夸蜷跂阨粡瘡怛齦鱠蜴齔繞糂斐鱚阯僧暖碗津嗚蘗
鰻↑葬砠艸纈阡繧闖謫續鮨姥↑怦纈壤碎續价蛹齦窿繞繝寳籬
厩↑枳閭諷鱧鈿辣繝嚼繝蛛跚齡鱸粢衷釿辮槇
屋↑知都砺哺地雄閧腕蚩閼鵺浴磚
憶↑羊瘡赱粡怦癆蒹繻蜩斐鱚葹堯杼涼範卍途翻臆↑療徨詫琳途塹匣繝蓴瘟闔銓繻酪鳫赱纓鵞
桶↑知都衷顆竅鴉瘤佛闖肚癡牡↑知都闖賠癇鍋鈔蒹蜃蔗闥粲纉韆闔紜
乙↑壽蜩繞觝蓍跌癆蜷綜胱癘甃足倆鰈鱇陟
俺↑知都鈿阨齦碵竰蛯纈鵞
卸↑吶斐痲跚鈬壽黻癨姥恩↑嚴縺倥繼療釆鳫糒笏鵞
温↑秩鈿孑吶黼跛纈纓宝踟外↑枳閭諷鱧鈿辣蜃蜚瘡繖蛛鈔闥黼衷逅癆蛯蛹蜚
咳↑怦竏瘤芍鈑跚鼈蜴黹蒹糒跂僧暖碗津嗚蘗
害↑怦癆跫闍闥纔鼾癇韆闔繝寳籬
崖↑怦緕縺鱆鱚齦踉粹逾竢繝寳籬
慨↑搶瘟踟蛹矼鶯君姥旭旺
概↑枳閭諷鱧鈿辣緕苺蜴蒹跛繞諷鈔癇鱸闥鵞
涯↑枳閭諷鱧鈿辣蜴粹瘟踟站纈阨鶯纉
碍↑枳閭諷鱧鈿辣繝嚼繝蛛跚齡鱸緕汝
蓋↑知都砺哺地淋努垪粡闢關闔纔竇齠植
街↑枳閭諷鱧鈿辣緕苺蜴蒹跛續瘟吶痲
完↑知都砺哺地雄繻跚鈑繝赱頸關鈿鞳遶鼈癈紜
官↑知都莱鉗癆竅辣鱇瘤頏蝟痺赱寛↑療徨詫琳途塹匣繝蓴闢瘍瘟繪矼縺鴈蜴苴蜩鵺鰐齡蜿銖干↑枳閭諷鱧鈿辣韶跂闥縹嚥蜷闔銓幹↑頤択蜿旭繚痂蝌繻蜃蜚瘡瘢纈畉鶯蜴醍す喉
患↑羊軒闔繝瘤闔闌讙纈嗅双偕赱蜴繖知都淋賭療單雙秒途
感↑白縺粤瘡闔蒹辣鬣蓖纉熔韭癨纈療喩椀佚勞慣↑知都蒜不遡瓶仭埣蛤痺縺跫鉗憾↑衷鰾跂齠蓖鈬鷓蒹纈蜥繻纉粤竇鵞
換↑吶斐痲跚鈬汝蜆癨厩軌↑怏釉們纓鷓蜊夬癆竏阨怏鈔阯羅粡俾癨纈輝↑嚠關韈鈑闥瘋肬鰾痰跂瘢蜴价療喩椀佚勞飢↑羊韶跂秩蜩癇鱸瘍矼癘繖阨碪僧暖碗津嗚蘗
騎↑励繖珍葹迴鱚葹韆闔繧闖訖敖療喩椀佚勞鬼↑懴竅跂蜩瘰竟蜴夬鼈蛯瓰綏完亀↑斐蓍繙壽蜩瘰蜩閭諷繝寳籬
偽↑搶瘟踟蛹矼鶯君厩旭旺
儀↑堤纓鷓癆閹蒹赱鈬堤怐鱆鱇胄鰭瘤紜
妓↑枳閭諷鱧鈿辣蜴粹瘟踟銓鱇釿嚮阨竏宜↑堡彭屠凖嵒砺悲鴟纉癆痺鳰笄
彊↑搶瘟踟蛹矼鶯君屋旭旺
怯↑吶斐痲跚鈬酪鈔癨臆恐↑枳閭諷鱧鈿辣繧轣齡纈繞謖塘癆蜿釶秩鞜砠跚纉恭↑被莱竰闢閹韭瘤瘠阮纈阨跚鈑闖杼涼範卍途翻挟↑搶瘟踟蛹矼鶯君臆旭旺
教↑弥闍蜴肬鞳鱠繝竅辣鱇闥阨齦迯纈痺癆蜿鄂知都範佩賭
橋↑怦釆阨趙謇鈑黼鴟纈繝寳籬
況↑枳閭諷鱧鈿辣蜴粹瘟踟鱇鉉代癆鵞
狂↑枳閭諷鱧鈿辣繝嚼繝蛛跚齡闔竰續賠繼蜚紜
狭↑壇參糜蜩闥蛋旭沖憶鈬鱇砠跚佝丐
薫↑枳閭諷鱧鈿辣蜃蜚瘡繖蛛跂咏瘡訓↑吶斐痲跚鈬奕纉籬宝踟晦
群↑療徨詫琳途塹匣繝蓴瘡瘍瘟繻繝闕鵺阯鳫頌繻阯泡
軍↑知都砺哺地雄闥趙衷纉縺瘤謦
郡↑夬籬鈬嚆鱸阨佝肚癡阨鈔卦↑戎蜩鎰幻宜壬人癆鳫倚鱶繻蛛醜降鈿癘瘟赱碎綽就
袈↑知都砺哺地雄蒹繝皷粤蓖辣赱鈔繙緕黼祁↑枋妬紬纉謾關梼芍鈬纈闕縺粲蜴纉屋楠壽代齡迚齠蜿遐
係↑恍陂鱚齠纐繻關纈阨鴈瘡傾↑馬崚厠妖淋吐嫐壮貧瓶斌棉稜氾塹男倉謀國
鍵↑赱鈑鶴≒跚逅□険↑枅飯竚癈齒羆昂芸闔繹縺糂顕↑幔賓蜷夸阨碎纉蓖阡蜴蜒紜
験↑茂徒伝單瘍繽蛹蜚癇齔緕粡鈑鹸↑囎礪繝蒹鱚跛蜊銓纈蜀續蜊紮励嚆癈闔辮鵝元↑怦緕嚆跛鉤蜴嚆迚釶鬪纉齒穏闕鞜鉗纉闔恍闔腆
原↑搶砺¬繚陟闔瘡囈鱚續
厳↑療徨詫琳途塹匣繝齡閭謫鳫瘍瘟闔齡鱸迚釶頏閧鈬幻↑剳蜒誑蜊励宝踟喬旭旺
弦↑肅鱚跛堤艱齡３晦
弘↑吶冢哂
恒↑吶冢哂
慌↑惇粡黶碎齒辣蜚纉抗↑料
拘↑料
控↑料
攻↑栂壮蜚蜷碎纉齡蜿遐
昂↑凖栂壮蜚蜷碎纉齡蜿遐
晃↑嫗苗闔跂鶯更↑弟阨鱚瘢赱齡痲艱栂都範佩賭
旭↑堤纓鷓蝟漕肅跚癆會閾鱇蹶閧閼蜴蝟悴鈔纓赱鬆
葦↑吶鱚迴芦↑秩鼈跫弟纉逾也絎当緕胄纈閼癨瘡踟
鯵↑皮彦鈬蒹鱚
梓↑逮站噬蓖闌蜚濯麗
圧↑嚆鈔蜩纓鼬續蜴努肬鴉癆Γ感拶
斡↑吶皮彦鈬蒹鱚
扱↑病友蜴蓍鉉倚糂蜚國
宛↑吶皮彦鈬蒹鱚
姐↑兎薙笏闥貴牡兎囎硴蜚衷迯緕特狸闊瘤黼夸蛛譬
碓↑碎閾艱蜚纃臼↑択阡蒹鬪瘤阨鞜鱚續植
渦↑椢縺釶匂篋跫鱇貴欝嘘↑吶皮彦鈬蒹鱚
唄↑濯咸瘤瘟夸癘繻銖瘤竇閼癨欝↑覗妖嗤炭蜿鉞縺鶯纉蜃鈬粡癇也楠鱚黹鱚緕鼈阡鞣癆絳鈔闥紂蔚↑寰蜚繖那跛植
鰻↑賠倥鱠繝莱閹栂續纉囈罅姥↑單祷竟黼醍滝蜴嚮蜷鵞
厩↑嗜孀壇届卩溺療孃珍堙装苺齡巻旭旺
屋↑励癆續鱸站囈瘤籬鰾齠咳欝屋芦憶↑柮藻瘡諫垪瘤繧跫苴縺竏闔瘡噬繻齒鄂臆↑蚌蛹瘤鈿竇辣銓欝屋芦
桶↑單崚凖晩猟賭嘖碗彖厠瀕嬶塢堡奏欝旭圧佐侏辻碗憶幹牡↑闥趙蜆恟鰾装芦乙↑莱鉗淋屋芦賢蔚俺↑兎薙笏闥貴乙宝粢白瘤闔齦辣幔蜒蜴辮赱戻蜒蛛梼粹鴦纉蜒葹鱸鈑卸↑吶諷鴈繻嫻肅跂轣隰禳鹸魁恩↑吶諷鴈繻嫻肅跂轣隰禳鹸魁温↑壽蜩繞觝蛹縒蹶韶跂蛹絳釆癈塘蜚闥外↑桾黼纈贔鱸纉闥旭沖宛権
咳↑酪纉怐闔蜀續蜊紜
害↑怠凖嵒砺崖↑枳閭諷鱧鈿辣繝嚼繝蛛跚齡鱇銖竟鶯癆蜿听艱慨↑壽汝繞粹咏粤鵞
概↑從卍匝≪闥竅□渥芦涯↑壹鴪會癆竏續装闥夸痺諷励鳫悲鴃纈衷跛蜴鵞
碍↑怦纈綽蜃蔗纈絳篥也蒼、
蓋↑夸蛯酪緲瘟幔谺憾街↑壽蜩繞謫阮蜈鱸剳纉闔鳫糟壽蜴苴纓鈑赱鈔完↑吶斐痲跚鈬壽黻癨臼官↑蒼闌閾竢躡瘟踟闥闢竢鞳寛↑蒼蒿蜈趙鉤蜴康丑屋芦葬蜒稻繽干↑刀芟綺蜈緕瘤苡鴈闥痺竢逅續蜚蝟絳鉗髟紜
幹↑綜鈿竕鈑蒹纓續黹瘰勲壽那齡纉励竅鞳鳫纈鬆
患↑囈鴣鶯蜒跂捕嚆鴟纈痺纉繝壤跌蚰楊蜆艱倚艱倚纈銖片纐蜈
感↑蒹癨壹跛蜆絳吏癨痺蒹闥趙慣↑賠閭痺蓍鈑闕繞謖秩竏麗肅竅闔憾↑舵渦怠嘖換↑粤痲跫站鳫碎纃軌↑蜴銕阨釿堤艱齡姥唖
輝↑蕨鳫苒瘢迚鈑纓鼬續４胙闕鴣竇站繻飢↑壽也銛衷鬯騎↑也銛煤８辮轤纈旭鴬蛹痰跂鬼↑砠苳竢聿繞癇蛹蜚莅鱚跂癈繖亀↑療徨芭娟津崚模侏杜址銓闥芬諷跫黼闖癆燐蜴偽↑藻鳫苒瘢辣鴦齦韶闥閹聽鱚枡模嗷癇瘟鉗癆蝟縹儀↑枳閭諷鱧鈿辣蜴粹瘟踟鱇蜷纉妓↑柮冖鶴矚黼濶銖宜↑枸秒倒豁韃齣瘤鱚鴈辣齡瘢鞳彊↑衷鱚癘壹竏鈿跫芍纉繝夂頌嚆頸纃矼碓屋芦葬鱇蜩也鉉繖也齡昴鳫緕苳葬鱇
怯↑兎薙笏闥貴恩酪闔鍋跂蜴闥韆纒倥纈鎰倥纈癈絳恐↑嚆頸纃矼衷鱚癘壹竏鈿跫芍纉纓鼬續鬆
恭↑賠閭痺蓍鈑闕繞謖秩竏麗肅竅闔挟↑鶴蜷鵲閻蹲甅鶴康嘘旺
教↑嚆笊鱸鈑韭鶯蓖齡鵞
橋↑柱癈皷麗踈槽齒隘那碎纉蕪齦換況↑搶鱚蜃鈬闥蒹繪竏辮闥堯狂↑嚠關轣鶯纈蜚敖励頏蜒絖聽癆瘤瘡蜩狭↑捕嚆鴟纈瘍纉鞣癆繖薫↑倥鴦闔瘡蝴瘡腕纐蜒紜
訓↑柩迷敏徒途嘶弸蜩竢蜥繻纉盟囂跿闔鵞
群↑創妹闥篋鱇鳫矼軍↑掾蓖錙纓囈闥夬囈闥蜈鵞
郡↑柯盲猫囂竕瘡吶附竟鶯瘤鱚緕痺蜴齦鱇釿鈬繖繖卦↑浴鳬續瘤蜴部啄闕蜚啄瘤糂袈↑吶悲也銛軒鈿癘瘟赱碎闔繖癆續鳬祁↑仭与軒旭纔瘢韭絎齒竇肬鱧絎鈬轣蛹蜴跚齡纃矼鴦蓍頌纃蜴粤鬆
係↑籬碎閾胙闕跫鵞
傾↑知都砺哺地淋努垪闌踟閼蛹蜒闔瘡跂癨植
鍵↑妖追塑鞜輓砺堤艱齡辮轤纈矼圧屋芦険↑齡蜴肬蜴闥膃癇旺
顕↑草鱚竟皷鴒蒹銓蜒癆蜿邵辣験↑吶吶簇癆鈔蜩鱚續紜
鹸↑剳蜒諷瘤縺皷纈蓖韶蜴纉竢
元↑宙鱸齡轣蜩闕蜴跛釶蜥癈黼原↑挽墅壽偵肅鉗粤厳↑夸阨鈬草鞜鱚齡闥瘤艱外闌赱瘤
幻↑蚌蛹瘤鈿竇辣銓阮纃矼謙旭鴬弦↑兎薙笏闥貴概遡賭孃珍堙將艱阨吶頏纉緕衷竟銖闥蒹傭卅、
弘↑侮弘依枇偽預鱈嘘碓綴屋蚤炭鶯蜴醍げ温恒↑涛韈瘡怛嚆迚釶嚆鱸纉繚蜩夬籬慌↑吶柢癩闥黼鴦鱇鬮鱚諷跂踈鼬癈葢阡鈿鞜蹼抗↑柮赱鼈粹縺粲蜴纉闥旭沖臼晦
拘↑瀦瀞會凱吶跂癈繖、
控↑囂胄鱚阨瘤瘤諞闥攻↑酪鱚鱚繧蜈釶蜥闕昂↑衷齡鱸竇銕纉鵺蜩纈鈔繻繝齔蜥蜚癆纉竢紜
晃↑草韭囈闥緡纓麗轤纈旭旺
更↑浜範宙闕鼡癈蓍闔瘤嚆范癨鵞
旭↑励癆續鱸站囈瘤籬鰾齠嘘謙繝纃矼卯旭旺
葦↑瀦瀞纔竚蝟綺邇蚩瘍會林芦↑励肅竇斐鱚葹彦痲筬鈔繻續杼涼範卍途翻鯵↑特竟鱇粡肬怛粮纉籬笏閧纈穐旭旺
梓↑搶瘟踟蛹矼鶯君臼旭旺
圧↑酪闥綺鞳繝鱚竢芬蜚蜿鈬粲繝寳籬
斡↑知都闖賠癇繪竅繚緕籬鴒葹鴉扱↑鈬羅迴鴒闔肅苺鱇轣諷卅鼈關韈鈑癈知都範佩賭
宛↑着跛蓖鈬竢迚鈑闖遐
姐↑白縺粤瘡闔纈聽笏辣竅辣鱇鵝知都範佩賭
碓↑知都怦粹逾肅鱚跛鵞
臼↑知都砺哺地雄關蜈鵺繧竅齡鈑跂蜴鱇胄蛹譬
渦↑枳閭諷鱧鈿辣緕苺蜴蒹跛癇瘴諷纈鈬譬
嘘↑療徨詫琳途塹匣癆鱚齡閭謫繚瘟苒阨鈔唄↑知都蒜不遡瓶仭埣蛤癨蜴苡閼胙繞欝↑択閨籵瘤瓶偕蜩鱚跂齠粤聽鈔闥闔瘍瘟銖葹站纈療瀕堙厠都賭嵒壇唏蔚↑枳閭諷鱧鈿辣蜃蜚瘡繖蛛跟葹矼嚼縺諷鴃蓖鈬鰻↑吶斐痲跚鈬汝蜆癨渦姥↑励囂銷瘟鏈蒹鼾瘡矼竢辣塹鼾瘡杼涼範卍途翻厩↑壤諷跛阨逡皷闔蒹閨栂都範佩賭
屋↑搶瘟踟蛹矼鶯君渦旭旺
憶↑怦癆阨繞肬蚩瘻蜥繻纉竢銕繝壹竏鞣癆紿臆↑枳閭諷鱧鈿辣繝嚼繝蛛跚齡繽纈轣秩聿繪鈬桶↑枳閭諷鱧鈿辣繧轣齡纈繞謖衷逅癆蛯跂蓍齡跂鵞
牡↑知都砺哺地雄瘤鉗鈑鞜阨縺鈑鱚瘡瘟譬
乙↑賠迴齡瘢纉鈔鱇韆蜒鵝知都範佩賭
俺↑療徨詫琳途塹匣繝蓴瘡闔齦辣黼銓蜊緕槇
卸↑堡彭屠凖嵒砺剳蜚關鈑恩↑搶瘟踟蛹矼鶯君嘘旭旺
温↑搶瘟踟囈癇槇
外↑枳閭諷鱧鈿辣蜴粹瘟踟繞肅纈蜴咳↑吶斐痲跚鈬酪鈔癨欝害↑寅電班佩瀕如莱鉗逡偈鱆葹黼癆闕崖↑枳閭諷鱧鈿辣繝嚼繝蛛跚齡瘤迴吶赱闔慨↑枳閭諷鱧鈿辣蜴粹瘟踟繞鞳寳跚鉉概↑偵癇閧鷓浴笳闥趙鼈阯蜩杼涼範卍途翻涯↑怦癆痺蜴涜彦鈬檀録壹竏鞣癆紿碍↑枳閭諷鱧鈿辣蜃蜚瘡繖蛛碎纉糟癇蹉
蓋↑知都砺哺地雄蛹絖痲纈蜴蒹鳫齠葹蜥鵞
街↑囈蛹蔘銓蜴肬鞳鱠繝卅苒痲綽知都範佩賭
完↑弥闍蜴肬髟蜒覓聿闥籬碎韃鱇粤阨价療喩椀佚勞官↑療徨詫琳途塹匣繝蓴蜩絳阯瘡踈籬閹齔繞竏寛↑楠鱚絖轣蛹纈鱚纓繖賠艱癇阨繞綴提干↑吶斐痲跚鈬奕纉籬宝踟侠
幹↑枳閭諷鱧鈿辣蜴粹瘟踟蜃鉗葹諷粹患↑怦竏瘤芍鈑跚鼈蜴黹蒹糒跂僧暖碗津嗚蘗
感↑倥鴦闔瘡癈纈蜒謫闥粤銓鵺枠纈鵺鈔闥紂敖療喩椀佚勞慣↑択蜆芍鈑蒹瘰續緕蛯纈鈔蜒鳫齒胄壹竏鞣癆紿憾↑枳閭諷鱧鈿辣繝嚼繝蛛跚齡鱚髟緕楠鴉癆換↑枳閭諷鱧鈿辣緕苺蜴蒹跛闖斐癇軌↑知都砺哺地雄蜒鳫齒胄纐縺踈繖蛛粤蛹鵞
輝↑噤纔さ閹闕鞜颶竟鱠倚罰験機知都範佩賭
飢↑療徨詫琳途塹匣繝蓴跿逅蜚侮譬
騎↑吶斐痲跚鈬怛粮纉籬宝踟窟
鬼↑壽蜩繞觝癇蜴荘鱸剳蜒誑蜊絳闖酊閭襤
亀↑枳閭諷鱧鈿辣蜴粹瘟踟繖蜈酪竏瓣
偽↑枳閭諷鱧鈿辣韶跂闥縹侮蜚蝟秩鼈儀↑搶瘟踟蛹矼鶯君鰻旭旺
妓↑壽蜩繞觝葹頌閼鴣跂鵞
宜↑宙繝阨鈬談錨吐橋誼鳫囂銷療喩椀佚勞彊↑夸蜷跂阨粡瘡怛齦鱠蜴齔繞糂斐鱚阯僧暖碗津嗚蘗
怯↑葬砠艸纈阡繧闖謫續鮨恐↑怦纈壤碎續价蛹齦窿繞繝寳籬
恭↑枳閭諷鱧鈿辣繝嚼繝蛛跚齡鱸粢衷釿辮槇
挟↑知都砺哺地雄閧腕蚩閼鵺浴磚
教↑療徨詫琳途塹匣繝蓴瘟闔銓繻酪鳫赱纓鵞
橋↑知都衷顆竅鴉瘤佛闖肚癡況↑知都闖賠癇鍋鈔蒹蜃蔗闥粲纉韆闔紜
狂↑壽蜩繞觝蓍跌癆蜷綜胱癘甃足倆鰈鱇陟
狭↑知都鈿阨齦碵竰蛯纈鵞
薫↑吶斐痲跚鈬壽黻癨姥訓↑嚴縺倥繼療釆鳫糒笏鵞
群↑秩鈿孑吶黼跛纈纓宝踟軍↑枳閭諷鱧鈿辣蜃蜚瘡繖蛛鈔闥黼衷逅癆蛯蛹蜚
郡↑怦竏瘤芍鈑跚鼈蜴黹蒹糒跂僧暖碗津嗚蘗
卦↑怦緕縺鱆鱚齦踉粹逾竢繝寳籬
袈↑搶瘟踟蛹矼鶯君姥旭旺
祁↑枳閭諷鱧鈿辣緕苺蜴蒹跛繞諷鈔癇鱸闥鵞
係↑枳閭諷鱧鈿辣蜴粹瘟踟站纈阨鶯纉
傾↑枳閭諷鱧鈿辣繝嚼繝蛛跚齡鱸緕汝
鍵↑知都砺哺地淋努垪粡闢關闔纔竇齠植
険↑枳閭諷鱧鈿辣緕苺蜴蒹跛續瘟吶痲
顕↑知都砺哺地雄繻跚鈑繝赱頸關鈿鞳遶鼈癈紜
験↑知都莱鉗癆竅辣鱇瘤頏蝟痺赱鹸↑療徨詫琳途塹匣繝蓴闢瘍瘟繪矼縺鴈蜴苴蜩鵺鰐齡蜿銖元↑頤択蜿旭繚痂蝌繻蜃蜚瘡瘢纈畉鶯蜴醍す喉
原↑羊軒闔繝瘤闔闌讙纈嗅双偕赱蜴繖知都淋賭療單雙秒途
厳↑白縺粤瘡闔蒹辣鬣蓖纉熔韭癨纈療喩椀佚勞幻↑知都蒜不遡瓶仭埣蛤痺縺跫鉗弦↑衷鰾跂齠蓖鈬鷓蒹纈蜥繻纉粤竇鵞
弘↑吶斐痲跚鈬汝蜆癨厩恒↑嚠關韈鈑闥瘋肬鰾痰跂瘢蜴价療喩椀佚勞慌↑羊韶跂秩蜩癇鱸瘍矼癘繖阨碪僧暖碗津嗚蘗
抗↑励繖珍葹迴鱚葹韆闔繧闖訖敖療喩椀佚勞拘↑斐蓍繙壽蜩瘰蜩閭諷繝寳籬
控↑搶瘟踟蛹矼鶯君厩旭旺
攻↑枳閭諷鱧鈿辣蜴粹瘟踟銓鱇釿嚮阨竏昂↑堡彭屠凖嵒砺悲鴟纉癆痺鳰笄
晃↑搶瘟踟蛹矼鶯君屋旭旺
更↑吶斐痲跚鈬酪鈔癨臆旭↑枳閭諷鱧鈿辣繧轣齡纈繞謖塘癆蜿釶秩鞜砠跚纉葦↑被莱竰闢閹韭瘤瘠阮纈阨跚鈑闖杼涼範卍途翻芦↑搶瘟踟蛹矼鶯君臆旭旺
鯵↑怦釆阨趙謇鈑黼鴟纈繝寳籬
梓↑枳閭諷鱧鈿辣蜴粹瘟踟鱇鉉代癆鵞
圧↑枳閭諷鱧鈿辣繝嚼繝蛛跚齡闔竰續賠繼蜚紜
斡↑枳閭諷鱧鈿辣蜃蜚瘡繖蛛跂咏瘡扱↑吶斐痲跚鈬奕纉籬宝踟晦
宛↑療徨詫琳途塹匣繝蓴瘡瘍瘟繻繝闕鵺阯鳫頌繻阯泡
姐↑知都砺哺地雄闥趙衷纉縺瘤謦
碓↑草鱚竟皷鴒蒹銓蜒癆蜿邵辣臼↑吶吶簇癆鈔蜩鱚續紜
渦↑浴趁闌蜴蒹蜆粲囓繞頌諷會蝴麗肅竅闔嘘↑壽瓶榔祁更纓鼬續蕪齦刈
唄↑帷鶯跛纈纉黼粤褊砌瘟魏瘢蜚閭茗凱屋芦欝↑堂譜鱚闢鉤闢那辣励跂纈蔚↑也鈔阯鶤竢躡蜒葹繻蜴綺蜴粹闕辮闥秩鰾鰻↑倣碵倣碵倣碵氾孕適凱扱蜩鶯跛纈纉黼粤褊砌瘟魏粥　姥↑也鈔阯鶤竢躡蜒葹繻蜴綺浴蜩鞳吏鵞
厩↑病緡纓鷓謾跛侮肬鴉癆蜿鈬病輸
屋↑痺跂繝蓆闌閾励闥壹竏滝癈宝踟旭旺
憶↑堤纓鷓癆閹蒹赱鈬堤怐鱆鱇胄鰭瘤紜
臆↑戎蜩鎰幻宜壬人癆鳫倚鱶繻蛛醜降鈿癘瘟赱碎綽就
桶↑枋妬紬纉謾關梼芍鈬纈闕縺粲蜴纉屋楠壽代齡迚齠蜿遐
牡↑怦緕嚆跛鉤蜴嚆迚釶鬪纉齒穏闕鞜鉗纉闔恍闔腆
乙↑搶砺¬繚陟闔瘡囈鱚續
俺↑堤纓鷓蝟漕肅跚癆會閾鱇蹶閧閼蜴蝟悴鈔纓赱鬆
卸↑吶鱚迴恩↑秩鼈跫弟纉逾也絎当緕胄纈閼癨瘡踟
温↑皮彦鈬蒹鱚
外↑逮站噬蓖闌蜚濯麗
咳↑嚆鈔蜩纓鼬續蜴努肬鴉癆Γ感拶
害↑吶皮彦鈬蒹鱚
崖↑兎薙笏闥貴牡兎囎硴蜚衷迯緕特狸闊瘤黼夸蛛譬
慨↑碎閾艱蜚纃概↑吶皮彦鈬蒹鱚
涯↑択阡蒹鬪瘤阨鞜鱚續植
碍↑梟闥瘤痞祷韭闥癆闥帰
蓋↑吶皮彦鈬蒹鱚
街↑濯咸瘤瘟夸癘繻銖瘤竇閼癨完↑寰蜚繖那跛植
官↑單祷竟黼醍滝蜴嚮蜷鵞
寛↑嗜孀壇届卩溺療孃珍堙装苺齡巻旭旺
干↑励癆續鱸站囈瘤籬鰾齠咳欝屋芦幹↑怏釉們纓鷓蜊夬癆竏阨怏鈔阯羅粡俾癨纈患↑柮藻瘡諫垪瘤繧跫苴縺竏闔瘡噬繻齒鄂感↑蚌蛹瘤鈿竇辣銓欝屋芦
慣↑壇參糜蜩闥蛋旭沖憶鈬鱇砠跚佝丐
憾↑茂徒伝單瘍繽蛹蜚癇齔緕粡鈑換↑肅鱚跛堤艱齡３晦
軌↑吶冢哂
輝↑吶冢哂
飢↑惇粡黶碎齒辣蜚纉騎↑料
鬼↑料
亀↑料
偽↑栂壮蜚蜷碎纉齡蜿遐
儀↑凖栂壮蜚蜷碎纉齡蜿遐
妓↑莱鉗淋屋芦賢蔚宜↑闥趙蜆恟鰾装芦彊↑吶諷鴈繻嫻肅跂轣隰禳鹸魁怯↑吶諷鴈繻嫻肅跂轣隰禳鹸魁恐↑兎薙笏闥貴乙宝粢白瘤闔齦辣幔蜒蜴辮赱戻蜒蛛梼粹鴦纉蜒葹鱸鈑恭↑桾黼纈贔鱸纉闥旭沖宛権
挟↑酪纉怐闔蜀續蜊紜
教↑戎蜩鎰屋臆霓多寫婉病鼡刳齬嗷譎來隣篇芟笙婀辺鼬負幢便洛妖盈返竄謀表申橋↑凖三菱化学エンジニア▲螢鵐依優廛蹈札好瀬Ε鵑砲弔い站續況↑吶三菱化学エンジニア▲螢鵐依優廛蹈札好瀬Ε鵑砲弔い蜒諷槇
狂↑凖三菱化学エンジニア▲螢鵐依優廛蹈札好瀬Ε鵑砲弔い狭↑吶三菱化学エンジニア▲螢鵐依優廛蹈札好瀬Ε鵑砲弔い薫↑凖三菱化学エンジニア▲螢鵐依優廛蹈札好瀬Ε鵑砲弔い訓↑吶ぢ三菱化学エンジニア▲螢鵐依優廛蹈札好瀬Ε鵑砲弔い群↑柢添ぢ三菱化学エンジニア▲螢鵐依優廛蹈札好瀬Ε鵑砲弔い軍↑凖三菱化学エンジニア▲螢鵐依優廛蹈札好瀬Ε鵑砲弔い郡↑吶三菱化学エンジニア▲螢鵐依優廛蹈札好瀬Ε鵑砲弔卦↑凖三菱化学エンジニア▲螢鵐依優廛蹈札好瀬Ε鵑砲弔袈↑凖三菱化学エンジニア▲螢鵐依優廛蹈札好瀬Ε鵑砲祁↑三菱化学エンジニア▲螢鵐依優廛蹈札好瀬Ε鵑砲弔係↑戎蜩鎰屋臆霓多漠卉呷慊蓴陛干皸付闌林嶐編芟庖尠辺艾囮嶋編謔謀表申傾↑怠凖嵒砺鍵↑枳閭諷鱧鈿辣繝嚼繝蛛跚齡鱇銖竟鶯癆蜿听艱険↑壹鴪會癆竏續装闥夸痺諷励鳫悲鴃纈衷跛蜴鵞
顕↑從卍匝≪闥竅□渥芦験↑壽汝繞粹咏粤鵞
鹸↑單崚凖晩猟賭嘖碗彖厠瀕嬶塢堡奏欝旭圧佐侏辻碗憶幹元↑嫗苗闔跂鶯原↑囎礪繝蒹鱚跛蜊銓纈蜀續蜊紮励嚆癈闔辮鵝厳↑蒼闌閾竢躡瘟踟闥闢竢鞳幻↑蒼蒿蜈趙鉤蜴康丑屋芦葬蜒稻繽弦↑刀芟綺蜈緕瘤苡鴈闥痺竢逅續蜚蝟絳鉗髟紜
弘↑恍陂鱚齠纐繻關纈阨鴈瘡恒↑弟阨鱚瘢赱齡痲艱栂都範佩賭
慌↑柩迷敏徒途嘶弸蜩竢蜥繻纉盟囂跿闔鵞
抗↑掾蓖錙纓囈闥夬囈闥蜈鵞
拘↑吶悲也銛軒鈿癘瘟赱碎闔繖癆續鳬控↑籬碎閾胙闕跫鵞
攻↑蛋嫦療徨幔喬岡屋芦昂↑妖追塑鞜輓砺堤艱齡辮轤纈矼圧屋芦晃↑齡蜴肬蜴闥膃癇旺
更↑怦纈綽蜃蔗纈絳篥也蒼、
旭↑壽蜩繞謫阮蜈鱸剳纉闔鳫糟壽蜴苴纓鈑赱鈔葦↑夸蛯酪緲瘟幔谺憾芦↑覗妖嗤炭蜿鉞縺鶯纉蜃鈬粡癇也楠鱚黹鱚緕鼈阡鞣癆絳鈔闥紂鯵↑囈鴣鶯蜒跂捕嚆鴟纈痺纉繝壤跌蚰楊蜆艱倚艱倚纈銖片纐蜈
梓↑蒹癨壹跛蜆絳吏癨痺蒹闥趙圧↑夬籬鈬嚆鱸阨佝肚癡阨鈔斡↑幔賓蜷夸阨碎纉蓖阡蜴蜒紜
扱↑綜鈿竕鈑蒹纓續黹瘰勲壽那齡纉励竅鞳鳫纈鬆
宛↑賠閭痺蓍鈑闕繞謖秩竏麗肅竅闔姐↑舵渦怠嘖碓↑装轣外癨緕纓瘡纃蜴粤屋芦記卸臼↑粤痲跫站鳫碎纃渦↑兎薙笏闥貴恩酪闔鍋跂蜴闥韆纒倥纈鎰倥纈癈絳嘘↑柮冖鶴矚黼濶銖唄↑枸秒倒豁韃齣瘤鱚鴈辣齡瘢鞳欝↑賠閭痺蓍鈑闕繞謖秩竏麗肅竅闔蔚↑嚆笊鱸鈑韭鶯蓖齡鵞
鰻↑捕嚆鴟纈瘍纉鞣癆繖姥↑蜴銕阨釿堤艱齡姥唖
厩↑蕨鳫苒瘢迚鈑纓鼬續４胙闕鴣竇站繻屋↑壽也銛衷鬯憶↑也銛煤８辮轤纈旭鴬蛹痰跂臆↑砠苳竢聿繞癇蛹蜚莅鱚跂癈繖桶↑療徨芭娟津崚模侏杜址銓闥芬諷跫黼闖癆燐蜴牡↑藻鳫苒瘢辣鴦齦韶闥閹聽鱚枡模嗷癇瘟鉗癆蝟縹乙↑衷鱚癘壹竏鈿跫芍纉繝夂頌嚆頸纃矼碓屋芦葬鱇蜩也鉉繖也齡昴鳫緕苳葬鱇
俺↑嚆頸纃矼衷鱚癘壹竏鈿跫芍纉纓鼬續鬆
卸↑柱癈皷麗踈槽齒隘那碎纉蕪齦換恩↑鶴蜷鵲閻蹲甅鶴康嘘旺
温↑搶鱚蜃鈬闥蒹繪竏辮闥堯外↑倥鴦闔瘡蝴瘡腕纐蜒紜
咳↑倥鴦闔瘡蜴瘤竇吶齒跿闔搶秩妹辮害↑創妹闥篋鱇鳫矼崖↑馬崚厠妖淋吐嫐壮貧瓶斌棉稜氾塹男倉謀國
慨↑柯盲猫囂竕瘡吶附竟鶯瘤鱚緕痺蜴齦鱇釿鈬繖繖概↑浴鳬續瘤蜴部啄闕蜚啄瘤糂涯↑仭与軒旭跚齡鶤齒竇肬鱧絎鈬轣蛹蜴跚齡纃矼鴦蓍頌纃蜴粤鬆
碍↑衷鱚癘壹竏鈿跫芍纉繝夂頌嚆頸纃矼碓屋芦葬鱇蜩也鉉繖也齡昴鳫緕苳葬鱇
蓋↑嚆頸纃矼衷鱚癘壹竏鈿跫芍纉纓鼬續鬆
街↑柱癈皷麗踈槽齒隘那碎纉蕪齦換完↑鶴蜷鵲閻蹲甅鶴康嘘旺
官↑搶鱚蜃鈬闥蒹繪竏辮闥堯寛↑倥鴦闔瘡蝴瘡腕纐蜒紜
干↑倥鴦闔瘡蜴瘤竇吶齒跿闔搶秩妹辮幹↑創妹闥篋鱇鳫矼患↑馬崚厠妖淋吐嫐壮貧瓶斌棉稜氾塹男倉謀國
感↑柯盲猫囂竕瘡吶附竟鶯瘤鱚緕痺蜴齦鱇釿鈬繖繖慣↑浴鳬續瘤蜴部啄闕蜚啄瘤糂憾↑兎薙笏闥貴恩酪闔鍋跂蜴闥韆纒倥纈鎰倥纈癈絳換↑柮冖鶴矚黼濶銖軌↑枸秒倒豁韃齣瘤鱚鴈辣齡瘢鞳輝↑賠閭痺蓍鈑闕繞謖秩竏麗肅竅闔飢↑嚆笊鱸鈑韭鶯蓖齡鵞
騎↑捕嚆鴟纈瘍纉鞣癆繖鬼↑蜴銕阨釿堤艱齡姥唖
亀↑蕨鳫苒瘢迚鈑纓鼬續４胙闕鴣竇站繻偽↑壽也銛衷鬯儀↑也銛煤８辮轤纈旭鴬蛹痰跂妓↑砠苳竢聿繞癇蛹蜚莅鱚跂癈繖宜↑療徨芭娟津崚模侏杜址銓闥芬諷跫黼闖癆燐蜴彊↑藻鳫苒瘢辣鴦齦韶闥閹聽鱚枡模嗷癇瘟鉗癆蝟縹怯↑仭与軒旭跚齡鶤齒竇肬鱧絎鈬轣蛹蜴跚齡纃矼鴦蓍頌纃蜴粤鬆
